engineering_scenes,dataset_name,official_download_entry,scale_and_content_summary,unique_id,sub_scenes,defect_or_target_types,relevance,relevance_basis,source_type,location,publishers_or_authors,data_forms,file_formats,sample_counts,file_size,file_size_scope,label_types,original_labels,antenna_and_equipment,temporal_sampling,spatial_and_survey_parameters,ascan_multirelational_graph_suitability,open_status,page_verification,file_list_verification,sample_download_status,license,redistribution_restrictions,doi,official_data_page,stable_file_urls,file_url_validation,paper_urls,paper_title,official_code_urls,parent_dataset,overlap_relationship,independent_count_status,verified_date,evidence,limitations
"[""桥梁及桥面板""]",SDNET2021: Annotated NDE Dataset for Structural Defects,https://commons.und.edu/data/19/,"5 座在役桥面板；官方称超过 663,102 条已标注 GPR 信号，另含 IE、IRT；GPR 文件包单独列出。",GPR001,"[""混凝土桥面板脱层""]","[""delamination"",""cracks"",""rebar corrosion""]",A,机构数据页明确给出桥面板脱层真值与 GPR 标注。,现场实测,美国北达科他州 Grand Forks；2020 年夏季,"[""Eberichi Ichi"",""Sattar Dorafshan"",""University of North Dakota""]","[""GPR 信号"",""B-scan"",""真值图"",""测点位置"",""IE 与 IRT 辅助数据""]","[""CSV"",""LVM"",""DWG"",""DOCX"",""PDF"",""JPEG"",""PNG"",""ZIP""]","[{""value"":""超过 663102"",""unit"":""GPR 信号"",""scope"":""官方用语 signals；未逐文件确认其与原始 A-scan 的一一对应""},{""value"":5,""unit"":""桥面板"",""scope"":""同一数据集""},{""value"":1936,""unit"":""IE 信号"",""scope"":""非 GPR，不计入 GPR 样本量""},{""value"":5,""unit"":""IRT 拼接图"",""scope"":""非 GPR""}]",1941395 kB,官方 4. GPR DATA.zip 文件显示值；不包含真值、测点、IE、IRT 和旧版本,"[""分类"",""位置／深度类别"",""真值图""]","[""Class 1: No Delamination"",""Class 2: delamination above top bar mat"",""Class 3: delamination below top bar mat""]",未披露,未披露,页面说明真值图含 GPS 坐标及各移除等级范围；另有 IE AND GPR TEST POINTS.zip；逐信号坐标映射待核验。,优先候选：有信号级标注和测点／GPS 真值资源。需核实信号矩阵、时间轴、测线顺序及坐标映射后，才能在同一组 A-scan 节点上构建两种关系。,公开下载,已核验：已读取官方正文,已核验：官方文件列表；未验证文件传输,未执行,未明确,未明确，不能默认允许再分发,10.31356/data019,https://commons.und.edu/data/19/,"[""https://commons.und.edu/cgi/viewcontent.cgi?filename=4&article=1018&context=data&type=additional"",""https://commons.und.edu/cgi/viewcontent.cgi?filename=0&article=1018&context=data&type=additional""]",仅核验官方页面给出的地址；未验证文件传输或长期可用性,"[""https://doi.org/10.3390/infrastructures7090107""]",未披露,"[""https://github.com/ahmed-elseicy/bridge-deck-delamination""]",[],未见来源声明的派生关系；未做跨库文件哈希或采集批次比对,计入：一手发布的独立来源,2026-09-19,"[{""source_url"":""https://commons.und.edu/data/19/"",""checked_date"":""2026-09-19"",""summary"":""正文：over 663,102 annotated GPR signals；five in-service bridge decks；Class 1/2/3。文件列表：4. GPR DATA.zip (1941395 kB)。2021 旧版被 2022 修订版取代。""},{""source_url"":""https://github.com/ahmed-elseicy/bridge-deck-delamination/blob/master/README.md"",""checked_date"":""2026-09-19"",""summary"":""作者处理代码明确引用 SDNET2021；格式转换与模型权重不形成新数据来源。""},{""source_url"":""https://zenodo.org/records/14607117"",""checked_date"":""2026-09-19"",""summary"":""Resource type: Software；Requires 10.31356/data019。19.4 MB 是软件归档，不是新的 GPR 数据集。""}]","[""文件格式列表来自整个多模态发布，不能将每种格式都断言为 GPR 原始格式。"",""天线、时间采样、信号总数的文件级复核未完成。"",""旧版本、转换代码和 Zenodo 软件存档均不另计。""]"
"[""多场景"",""隧道及地下衬砌"",""管线周边"",""混凝土构件""]",GPR DATASET,https://zenodo.org/records/14637589,广州大学团队实测原始 .dt 数据；3 座具名隧道、广州大学城管线及佛山钢筋；压缩包 3.8 GB。,GPR002,"[""隧道扫描"",""普通管线探测（非已确认管周脱空）"",""钢筋探测""]","[""tunnel lining"",""underground pipelines"",""rebar""]",C,页面将 cavities/defects 列为潜在用途及关联论文主题，但没有确认发布包中的空洞样本与真值；保守列为 C，不能据论文主题升为 A。,现场实测,中国：梁家营、平顶山、牛建子隧道；广州大学城；佛山住宅区,"[""GPR Group of Guangzhou University"",""Hai Liu 团队""]","[""原始 GPR 波形""]","[""IDS GeoRadar .dt"",""ZIP""]","[{""value"":3,""unit"":""具名隧道"",""scope"":""非数据集数；另有管线和钢筋采集地""},{""value"":""未披露"",""unit"":""A-scan／测线"",""scope"":""无可核验总量""}]",3.8 GB,Data Set.zip 官方文件列表，未解压统计,"[""未披露""]","[""未披露""]",IDS GeoRadar 文件格式；商业 GPR、多频率，具体频率和型号未披露,未披露,GD/YBQ/YG/YGJ/ZBQ/ZGJ 文件夹表示隧道部位；具体测线坐标及道间距待核验。,有原始 .dt，适合先做幅值矩阵读取可行性检查；时间头、空间步长和缺陷标签未核验，暂不能作为监督脱空图学习数据。,公开下载,已核验：已读取官方正文,已核验：官方文件列表；未验证文件传输,未执行,CC BY 4.0,遵守署名及 CC BY 4.0 条款；本目录不再分发原始数据,10.5281/zenodo.14637589,https://zenodo.org/records/14637589,"[""https://zenodo.org/records/14637589/files/Data%20Set.zip?download=1""]",仅核验官方页面给出的地址；未验证文件传输或长期可用性,[],页面列出 rebar detection、antenna evaluation、reverse-time migration 等论文；论文 URL 未逐一核验,[],[],未见来源声明的派生关系；未做跨库文件哈希或采集批次比对,计入：一手发布的独立来源,2026-09-19,"[{""source_url"":""https://zenodo.org/records/14637589"",""checked_date"":""2026-09-19"",""summary"":""广州大学团队实测原始 .dt 数据；3 座具名隧道、广州大学城管线及佛山钢筋；压缩包 3.8 GB。""}]","[""多场景仅计一次。"",""关联空洞论文不证明发布包含可定位的空洞标签。"",""原始幅值标定、滤波历史、采样头和全部文件尚未验证。""]"
"[""隧道及地下衬砌""]",Data on point cloud scanning and ground radar of composite lining in jointly constructed tunnel,https://data.mendeley.com/datasets/c9mmbmkwcj/2,回填脱空相关隧道资料：Radagrams.docx 50.9 MB，另有点云 ZIP 865 MB、轴线 XLSX 10 KB；页面总包 916 MB。,GPR003,"[""盾构管片外回填质量""]","[""voids in outside backfill""]",A,正文明确支持 Numerical evaluation of segmental tunnel lining with voids in outside backfill，并说明 GPR 检测管片外回填质量。,现场实测,未披露,"[""Jia-Xuan Zhang"",""Ning Zhang"",""Ye-Shuang Xu"",""Shantou University"",""Shanghai Jiao Tong University""]","[""雷达图文档"",""TLS 点云（非 GPR 3D 波场）"",""轴线表""]","[""DOCX"",""ZIP"",""XLSX""]","[{""value"":3,""unit"":""顶层文件"",""scope"":""不能当作三条测线或三个雷达样本""},{""value"":""未披露"",""unit"":""GPR 雷达图／测线"",""scope"":""文档内部未核验""}]",Radagrams.docx: 50.9 MB；Point cloud.zip: 865 MB；Central axis.xlsx: 10 KB；Download All: 916 MB,页面显示值；总包包含大量非 GPR 点云，不能写成 916 MB 原始雷达数据,"[""未披露""]","[""未披露""]",未披露,未披露,提供 Central axis.xlsx，但与每道 GPR 的映射关系未披露。,未证明适合原始 A-scan：文件列表只确认雷达图 DOCX，点云和轴线不能替代原始电磁信号；文档图像通常不能恢复幅值和完整采样信息。,公开下载,已核验：已读取官方正文,已核验：官方文件列表；未验证文件传输,未执行,CC BY 4.0,遵守署名及 CC BY 4.0 条款,10.17632/c9mmbmkwcj.2,https://data.mendeley.com/datasets/c9mmbmkwcj/2,"[""https://data.mendeley.com/public-files/datasets/c9mmbmkwcj/files/32918de4-1b65-4107-b8b7-431dd945d840/file_downloaded""]",仅核验官方页面给出的地址；未验证文件传输或长期可用性,[],Numerical evaluation of segmental tunnel lining with voids in outside backfill,[],[],V1 与 V2 同一来源；仅记录 V2。,计入：一手发布的独立来源,2026-09-19,"[{""source_url"":""https://data.mendeley.com/datasets/c9mmbmkwcj/2"",""checked_date"":""2026-09-19"",""summary"":""回填脱空相关隧道资料：Radagrams.docx 50.9 MB，另有点云 ZIP 865 MB、轴线 XLSX 10 KB；页面总包 916 MB。""}]","[""未打开 50.9 MB 文档，不确认内部图数、缺陷标注或是否附有数值表。"",""采集地、频率与时间采样未披露。""]"
"[""地下空洞及岩土"",""管线周边""]",Intelligent recognition of subsurface utilities and voids: A Ground Penetrating Radar dataset for Deep Learning applications,https://data.mendeley.com/datasets/ww7fd9t325/1,"摩洛哥 2019–2024 实测图像；2,239 张处理／增强图：553 空洞、786 管线、900 完好；作者另列 79/131/75 个原始 profiles。",GPR004,"[""基础设施地下空洞"",""普通管线目标与完整区域""]","[""Cavity"",""Utility"",""intact""]",A,官方页面与作者项目明确包含 voids/cavities；管线类别并不等价于管周脱空。,现场实测,摩洛哥多个城市与基础设施项目，2019–2024,"[""Abdelaziz MOJAHID"",""Driss EL OUAI"",""Khalid EL AMRAOUI"",""Khalil EL HAMI"",""Hamou AITBENAMER"",""Universite Mohammed V de Rabat Institut Scientifique""]","[""B-scan 图片"",""检测标注；页面提及 A-scan 采集但原始波形发布未证实""]","[""RAR"",""JPG"",""YOLO TXT"",""VOC XML""]","[{""value"":2239,""unit"":""处理／增强图片"",""scope"":""作者目录分类 553+786+900；非原始 A-scan""},{""value"":79,""unit"":""原始空洞 profiles"",""scope"":""作者 README 称 original profiles；非已验证测线数""},{""value"":131,""unit"":""原始管线 profiles"",""scope"":""同上""},{""value"":75,""unit"":""原始完整 profiles"",""scope"":""同上""}]",GPR_data.rar: 48.1 MB；Download All: 47.3 MB,平台不同下载口径显示值；未用两者相加或推算解压体积,"[""分类"",""检测框""]","[""Utility"",""Cavity"",""intact""]",GSSI 400 MHz 与 200 MHz，测距轮模式；400 MHz 50 ns、200 MHz 150 ns；各 512 samples/scan。,作者给出时间窗与 512 samples/scan；精确 dt 及文件内时间轴未核验，不用窗长自行推算。,survey wheel 模式；道间距、绝对位置与源测线 ID 未披露。,适合图像检测候选；不默认适合原始 A-scan。必须另核实 RAR 内是否有数值波形与可追溯测线，不能把 PNG/JPG 列当作物理幅值节点。,公开下载,已核验：已读取官方正文,已核验：官方文件列表；未验证文件传输,未执行,CC BY 4.0,遵守署名及 CC BY 4.0 条款,10.17632/ww7fd9t325.1,https://data.mendeley.com/datasets/ww7fd9t325/1,"[""https://data.mendeley.com/public-files/datasets/ww7fd9t325/files/a7d95abe-e007-406f-a088-37a998591c64/file_downloaded""]",仅核验官方页面给出的地址；未验证文件传输或长期可用性,"[""https://www.sciencedirect.com/science/article/pii/S2352340925000708""]",未披露,"[""https://github.com/LCSkhalid/GPR_Data""]",[],LCSkhalid/GPR_Data 是同一数据的说明和处理代码；裁剪和增强均属于本来源，不另计。,计入：一手发布的独立来源,2026-09-19,"[{""source_url"":""https://data.mendeley.com/datasets/ww7fd9t325/1"",""checked_date"":""2026-09-19"",""summary"":""官方描述、RAR 文件列表和 CC BY 4.0 已读取。""},{""source_url"":""https://github.com/LCSkhalid/GPR_Data/blob/main/README.md"",""checked_date"":""2026-09-19"",""summary"":""明确列出 79/131/75 original profiles、553/786/900 augmented images；224×224 裁剪及增强流程；512 samples/scan、50/150 ns。""}]","[""README 对原始与增强文件夹的措辞存在混杂；以上计数保留作者口径，未解包逐项计数。"",""论文 URL 由搜索命中，全文及论文 DOI 未核验；不能将数据 DOI 误标为论文 DOI。""]"
"[""道路及路面""]",FDM-HHT-SR-dataset,https://data.mendeley.com/datasets/rfb2jv34mz/1,道路下含水与不含水空洞的全数据偏移处理前后数据；单个 ZIP 6.68 MB，内部样本数未披露。,GPR005,"[""路面下空洞""]","[""subsurface cavities"",""water-filled cavities"",""cavities without water filling""]",A,作者原文：Data before and after full-data migration for the detection of subsurface cavities beneath roadways (with and without water filling)。,未披露,未披露,"[""Houjiang Zhang""]","[""偏移处理前后数据；具体数值／图像形式待核验""]","[""ZIP；内部格式待核验""]","[{""value"":""未披露"",""unit"":""未披露"",""scope"":""未披露""}]",6.68 MB；Download All 6.65 MB,ZIP 文件显示值与平台打包显示值，非解压体积,"[""含水／不含水条件描述；逐样本标签待核验""]","[""未披露""]",未披露,未披露,未披露,潜在优先核验对象：声明含处理前数据，但没有证据确认时间轴、空间坐标或原始波形格式。偏移前后是同一来源，不能拆到训练与测试中。,公开下载,已核验：已读取官方正文,已核验：官方文件列表；未验证文件传输,未执行,CC BY 4.0,遵守署名及 CC BY 4.0 条款,10.17632/rfb2jv34mz.1,https://data.mendeley.com/datasets/rfb2jv34mz/1,"[""https://data.mendeley.com/public-files/datasets/rfb2jv34mz/files/ef9ec99e-dc5b-46d3-8383-2fc555fc6b94/file_downloaded""]",仅核验官方页面给出的地址；未验证文件传输或长期可用性,[],未披露,[],[],未见来源声明的派生关系；未做跨库文件哈希或采集批次比对,计入：一手发布的独立来源,2026-09-19,"[{""source_url"":""https://data.mendeley.com/datasets/rfb2jv34mz/1"",""checked_date"":""2026-09-19"",""summary"":""道路下含水与不含水空洞的全数据偏移处理前后数据；单个 ZIP 6.68 MB，内部样本数未披露。""}]","[""不能从标题和文件大小推断实测／仿真、样本量或标签质量。""]"
"[""其他""]",S&T Project 21045 Data: Void Detection Data,https://data.usbr.gov/catalog/8078/item/128829,水工结构空洞研究：Glendo、Denver Federal Center、Klamath Falls 附近 A Canal 三处实验；含 GPR、冲击响应、IE、红外。,GPR006,"[""水工渠道／溢洪道等结构背后空洞""]","[""voids behind hydraulic structures""]",A,Bureau of Reclamation 官方目录明确为 void detection portion，包含 ground penetrating radar。,现场实测,美国 Glendo、Denver Federal Center、A Canal near Klamath Falls,"[""Bureau of Reclamation"",""Reclamation Technical Service Center""]","[""GPR 实验数据（内部形式未核验）"",""其他无损检测模态""]","[""ZIP；内部格式未核验""]","[{""value"":3,""unit"":""具名实验地点／一级数据分组"",""scope"":""不代表三个独立数据集""},{""value"":""未披露"",""unit"":""GPR 信号／测线"",""scope"":""未打开 ZIP""}]",未披露,未披露,"[""未披露""]","[""未披露""]",未披露,未披露,未披露,跨水工场景的优先获取对象；需要解包 README 确认 GPR 幅值矩阵、位置、实验真值和采样参数，不能仅凭多模态说明判定可建图。,公开下载,已核验：已读取官方正文,已核验：机构数据项有 Download File，Data.gov 列出 ZIP 资源；ZIP 内部文件列表未核验,未执行,未明确,未明确，不能默认允许再分发,未披露,https://data.usbr.gov/catalog/8078/item/128829,"[""https://data.usbr.gov/rise/content-rise-public/rise/catalog-item/binary/Void%20Detection%20Data_0.zip""]",仅核验官方页面给出的地址；未验证文件传输或长期可用性,"[""https://data.usbr.gov/catalog/8078/item/128840""]","ST-21045-2024-02: Detection of Voids Behind Spillways, Conduits, Canals, Tunnels, and Siphons（报告入口）",[],[],未见来源声明的派生关系；未做跨库文件哈希或采集批次比对,计入：一手发布的独立来源,2026-09-19,"[{""source_url"":""https://data.usbr.gov/catalog/8078/item/128829"",""checked_date"":""2026-09-19"",""summary"":""机构正文和 Download File 按钮可见；列明三处实验、多种 NDE 模态及报告编号。""},{""source_url"":""https://catalog.data.gov/dataset/st-project-21045-data-void-detection-data"",""checked_date"":""2026-09-19"",""summary"":""美国政府聚合目录列出同一 RISE 项与 ZIP 地址；不与机构页面重复计数。""}]","[""实测属性依据在具名地点开展的实验；现场试验结构与室内控制部分是否混合仍需报告核实。"",""项目标题涵盖多种结构，不代表每一种都在 GPR 文件中实际存在。"",""公开政府目录不自动等于许可明确。""]"
"[""地下空洞及岩土""]",MERL Ground Penetrating Radar Dataset (MERL-GPR),https://zenodo.org/records/8145084,400 个二维地下介质模型，每个包含一个空气圆柱和另一个介质圆柱；发布 50 个频点的复数波场；ZIP 1.6 GB。,GPR007,"[""二维分层介质空气空洞模型""]","[""air cylinder"",""dielectric cylinder""]",A,一手描述明确给出地下介质中的 air cylinder（介电常数 1）；是理想化空洞模拟，不是现场空洞验证。,数值仿真,未披露,"[""Qingqing Zhao"",""Yanting Ma"",""Hassan Mansour"",""Petros Boufounos"",""Mitsubishi Electric Research Laboratories""]","[""复数频域波场"",""自由空间响应"",""源频谱系数"",""模型权重""]","[""HDF5 .h5"",""NPY"",""PTH"",""ZIP""]","[{""value"":400,""unit"":""二维介质模型"",""scope"":""不是 400 条 A-scan""},{""value"":50,""unit"":""频率点"",""scope"":""0.5–1.5 GHz 内；非独立样本""}]",ZIP 1.6 GB；描述称解压约 1.72 GB,包含波场、模型权重等；不能视为纯原始 GPR 信号体积,"[""物性参数"",""模拟几何""]","[""air cylinder permittivity=1"",""second cylinder permittivity U(3,10)""]",gprMax FDTD；1 GHz Ricker 源；源位于地表上方 0.1 m,发布频域数据：50 个频点、0.5–1.5 GHz；完整时域 dt 未披露。,0.5 m × 0.5 m 二维域，空气层 0.15 m；全计算域像素波场。网格坐标／测量阵列需读取文件进一步验证。,适合数值波场／物性反演研究；不能直接宣称是完整时域 A-scan。有限频带复数系数无法自动恢复原始全部采样；需另定义频域节点并解释与现场图构造的差异。,公开下载,已核验：已读取官方正文,已核验：ZIP 名称、大小、MD5 及在线内部目录；data_frequency.h5、data_frequency_freespace.h5、normalize_complex_coeff.npy 可见,未执行,CC BY-SA 4.0,署名、相同方式共享等依 CC BY-SA 4.0；注意数据与代码分别适用条款,10.5281/zenodo.8145084,https://zenodo.org/records/8145084,"[""https://zenodo.org/records/8145084/files/MERLGPR.zip?download=1""]",仅核验官方页面给出的地址；未验证文件传输或长期可用性,[],"Deep Born Operator Learning for Reflection Tomographic Imaging, ICASSP 2023","[""https://github.com/merlresearch/DeepBornFNO""]",[],未见来源声明的派生关系；未做跨库文件哈希或采集批次比对,计入：一手发布的独立来源,2026-09-19,"[{""source_url"":""https://zenodo.org/records/8145084"",""checked_date"":""2026-09-19"",""summary"":""400 个二维地下介质模型，每个包含一个空气圆柱和另一个介质圆柱；发布 50 个频点的复数波场；ZIP 1.6 GB。""}]","[""仿真中的空气圆柱只代表理想化空洞，不能替代工程脱空泛化证据。"",""未下载 HDF5 并读取维度；标签字段布局待核验。""]"
"[""混凝土构件""]",GPR dataset: pulsed radar and SFCW data for rebar detection (experimental data),https://zenodo.org/records/10962520,3 个实验试件，用于脉冲与步进频率雷达钢筋探测对比；两包共 3.7 MB。,GPR008,"[""钢筋检测与分辨率实验""]","[""rebar""]",C,只证实钢筋目标，未证实脱层或空洞；可作为钢筋干扰／迁移候选，属于研究判断。,实验室实测,未披露,"[""Mercedes Solla"",""Universidade de Vigo"",""Screening Eagle Tech.""]","[""脉冲雷达原始数据"",""SFCW 数据""]","[""RD3"",""RAD"",""ZIP；SFCW 内部格式未核验""]","[{""value"":3,""unit"":""实验试件"",""scope"":""一个校准、两个水平／垂直分辨率试件""},{""value"":""未披露"",""unit"":""A-scan"",""scope"":""不从文件数推算""}]",3.7 MB：Pulsed radar.zip 1.2 MB，SFCW.zip 2.5 MB,官方压缩文件显示值,"[""试件／钢筋尺寸条件；逐道标注未披露""]","[""未披露""]",SFCW 400–6000 MHz；脉冲 2.3 GHz 接地天线；钢筋直径 8–32 mm,有 .rad 头文件；具体时间窗和 dt 未读取核验。,三个试件分文件夹；测线步长未披露。,RD3+RAD 提供读取波形与采样头的可能，可用于钢筋背景表示研究；缺少已核验道位置信息，且不是脱空标签数据。,公开下载,已核验：已读取官方正文,已核验：两个 ZIP 文件及脉冲包在线目录；三个试件各可见 RAD/RD3,未执行,GNU GPL v3.0 or later（数据页标示）,遵守数据页 GPL-3.0-or-later；需要实际使用时核实其对数据文件的适用范围,10.5281/zenodo.10962520,https://zenodo.org/records/10962520,"[""https://zenodo.org/records/10962520/files/Pulsed%20radar.zip?download=1"",""https://zenodo.org/records/10962520/files/SFCW.zip?download=1""]",仅核验官方页面给出的地址；未验证文件传输或长期可用性,[],"Rebar detection: Comparison of stepped frequency continuous wave and pulsed GPR, SMAR 2024",[],[],未见来源声明的派生关系；未做跨库文件哈希或采集批次比对,计入：一手发布的独立来源,2026-09-19,"[{""source_url"":""https://zenodo.org/records/10962520"",""checked_date"":""2026-09-19"",""summary"":""3 个实验试件，用于脉冲与步进频率雷达钢筋探测对比；两包共 3.7 MB。""}]","[""不把无缺陷说明等同于经过真值验证的阴性样本。"",""SFCW 与脉冲采样体系不同，需分别读取和比较。""]"
"[""其他""]",MCG GPR dataset,https://zenodo.org/records/14270869,公开数据的随机裁剪与人工修订分割集合；340×720 PNG 图像和二值掩膜；ZIP 1.4 GB；派生条目不计独立数。,GPR009,"[""多来源通用 GPR 图像分割""]","[""background"",""foreground features""]",C,标签为前景／背景，不是空洞语义；其水文／海岸母来源与工程脱空距离较远，仅为初始线索纠错保留。,未披露,未披露,"[""Marcos Freire""]","[""仅图片"",""二值掩膜""]","[""PNG"",""ZIP""]","[{""value"":""未披露"",""unit"":""未披露"",""scope"":""未披露""}]",1.4 GB,MCG_GPR_dataset.zip；样本张数未披露,"[""分割掩膜""]","[""background"",""foreground features""]",未披露,未披露,未披露,不适合直接原始 A-scan 建模：随机裁剪、渲染与跨来源混合未保留可验证采样位置；可探索图像分割预训练，但效益尚未验证。,公开下载,已核验：已读取官方正文,已核验：官方文件列表；未验证文件传输,未执行,CC BY 4.0（派生发布页）,还需核对各母来源许可与衍生条款；发布页许可不能代替母数据许可审查,10.5281/zenodo.14270869,https://zenodo.org/records/14270869,"[""https://zenodo.org/records/14270869/files/MCG_GPR_dataset.zip?download=1""]",仅核验官方页面给出的地址；未验证文件传输或长期可用性,[],未披露,[],"[""https://doi.org/10.21253/DMU.8323049.v1"",""https://pubs.usgs.gov/ds/0982/ds982_data_downloads.html"",""https://doi.org/10.21227/ckx7-0s88"",""https://doi.org/10.3133/ds1006""]",作者明确由以上四个公开来源裁剪；不能与母数据跨训练／测试。母数据本次未全部独立核验。,不计入：已确认派生数据,2026-09-19,"[{""source_url"":""https://zenodo.org/records/14270869"",""checked_date"":""2026-09-19"",""summary"":""公开数据的随机裁剪与人工修订分割集合；340×720 PNG 图像和二值掩膜；ZIP 1.4 GB；派生条目不计独立数。""}]","[""未披露图片张数；未逐母来源确认实测／仿真属性，因此来源类型保留未披露。"",""不将二值前景掩膜映射为 void 掩膜。""]"
"[""地下空洞及岩土""]",Low-Frequency Ground Penetrating Radar (GPR) Dataset Acquired via Ground-Based and UAV Platforms,https://zenodo.org/records/18769571,3 个场地，地面推车与 UAV 同测线低频 GPR；原始 SEG-Y／GeoTable，三个站点 ZIP 及示意图片共 27.9 MB。,GPR010,"[""地面／无人机采集对比；未证实空洞标签""]","[""general subsurface features""]",C,正文未说明空洞或结构缺陷真值；仅可作为信号、定位与采集域迁移的辅助候选。,现场实测,意大利研究团队；三个场地的名称本次未确认,"[""Nicola Angelo Famiglietti"",""Diego Gragnaniello"",""Antonino Memmolo"",""Robert Migliazza"",""Pierluigi Ritrovato"",""Annamaria Vicari"",""INGV"",""Università degli Studi di Salerno""]","[""原始 A-scan"",""SEG-Y 头信息"",""GeoTable"",""示意图""]","[""SEG-Y"",""GeoTable"",""ZIP"",""PNG""]","[{""value"":3,""unit"":""调查场地"",""scope"":""同一发布，不分成三个独立数据集""},{""value"":""未披露"",""unit"":""A-scan／测线"",""scope"":""正文未给出总数""}]",27.9 MB（含示意图）；Site_1/2/3.zip 分别 12.4/3.6/5.2 MB,官方顶层文件列表显示值,"[""位置与采集元数据；缺陷标签未披露""]","[""未披露""]",Cobra Plug-in Sub-Echo 70，20–140 MHz；DJI Matrice 600 Pro；GNSS RTK、UgCS 5.9／SkyHub,正文声明 GeoTable/SEG-Y 含采集参数及时间戳；具体 dt 未读文件核验。,地面与空中复测相同测线；厘米级 RTK 定位，迹与空间位置同步；飞行高度约 1 m，速度约 1 m/s。,辅助原始信号建图候选：明确波形、头信息和定位；需验证逐道几何及两种采集模态对齐，不提供已验证脱空监督。,公开下载,已核验：已读取官方正文,已核验：官方文件列表；未验证文件传输,未执行,CC BY 4.0,遵守署名及 CC BY 4.0 条款,10.5281/zenodo.18769571,https://zenodo.org/records/18769571,"[""https://zenodo.org/records/18769571/files/Site_1.zip?download=1"",""https://zenodo.org/records/18769571/files/Site_2.zip?download=1"",""https://zenodo.org/records/18769571/files/Site_3.zip?download=1""]",仅核验官方页面给出的地址；未验证文件传输或长期可用性,[],未披露,"[""https://github.com/dgragnaniello/AI4DITE_GPR_data""]",[],未见来源声明的派生关系；未做跨库文件哈希或采集批次比对,计入：一手发布的独立来源,2026-09-19,"[{""source_url"":""https://zenodo.org/records/18769571"",""checked_date"":""2026-09-19"",""summary"":""3 个场地，地面推车与 UAV 同测线低频 GPR；原始 SEG-Y／GeoTable，三个站点 ZIP 及示意图片共 27.9 MB。""}]","[""应在完整场地层面划分，不能把同场地空中／地面信号未经检查分入训练与测试。"",""subsoil risk assessment 项目用途不能证明数据实际含空洞。""]"
"[""多场景"",""道路及路面"",""桥梁及桥面板"",""隧道及地下衬砌"",""机场道面""]",TIGPR: A Multi-View Ground Penetrating Radar Detection Data for Damage Assessment of Transportation Infrastructure,https://data.mendeley.com/datasets/ckgvrft232/1,交通基础设施多视图缺陷图片；2D B-scan 200×200，3D 派生 B/C-scan 320×320；RAR 283 MB；张数未披露。,GPR011,"[""交通基础设施多场景；机场场景由作者概述列出，单独子集未核验""]","[""cracks"",""interlayer debonding"",""looseness"",""voids""]",A,官方数据页明确列出 voids 和 interlayer debonding；不将裂缝和松散区等同于空洞。,现场实测,中国贵州、金华、南京等；机场的具体采集地点未披露,"[""Zhen Liu"",""Xingyu Gu"",""Bingyan Cui"",""Southeast University""]","[""B-scan 图片"",""C-scan 图片（来自 3D 采集，不等于公开原始 3D 波场）""]","[""RAR；内部图像及标签格式未核验""]","[{""value"":""未披露"",""unit"":""未披露"",""scope"":""未披露""}]",TIGPR.rar 283 MB；Download All 278 MB,官方文件及打包显示值；不推算图片数,"[""页面说明面向分类、检测、分割；具体发布标注类型待核验""]","[""cracks"",""interlayer debonding"",""looseness"",""voids""]",IDS-FastWave、MALA GX750；GeoScope 3D-Radar；数值频率未披露，不从型号猜测,未披露,描述称图像对应长 10 m、深 1 m；逐道坐标、道间距未披露。,适合跨场景图像实验候选；仅凭尺寸和 B/C 视图不能恢复原始时域幅值。必须检查原始数值波形与测线索引后再用于 A-scan 图模型。,公开下载,已核验：已读取官方正文,已核验：官方文件列表；未验证文件传输,未执行,CC BY 4.0,遵守署名及 CC BY 4.0 条款,10.17632/ckgvrft232.1,https://data.mendeley.com/datasets/ckgvrft232/1,"[""https://data.mendeley.com/public-files/datasets/ckgvrft232/files/d53070b4-c589-4382-9f6f-4d5706c4fd6b/file_downloaded""]",仅核验官方页面给出的地址；未验证文件传输或长期可用性,"[""https://www.sciencedirect.com/science/article/pii/S2352340925003956""]",未披露,[],[],未见来源声明的派生关系；未做跨库文件哈希或采集批次比对,计入：一手发布的独立来源,2026-09-19,"[{""source_url"":""https://data.mendeley.com/datasets/ckgvrft232/1"",""checked_date"":""2026-09-19"",""summary"":""交通基础设施多视图缺陷图片；2D B-scan 200×200，3D 派生 B/C-scan 320×320；RAR 283 MB；张数未披露。""}]","[""论文 URL 由检索命中，正文未核验。"",""机场被作者纳入数据范围，但描述的实际采集清单未单独列机场；不可声称机场子集规模已验证。"",""多场景只计一个独立来源；未确认与其他 3D-GPR 项目的采集批次重叠情况。""]"
"[""道路及路面""]",GPR Subsurface Diagnosis (GPR-SD),https://github.com/ubriustc/GPR_data,水泥及沥青道路三条平行 B-scan 数值矩阵；380 samples/trace、97 ns 时间窗、3 cm 道间距；33 个 ZIP 分卷。,GPR012,"[""道路地下目标解释""]","[""subsurface targets（具体缺陷类型未披露）""]",C,README 仅明确 subsurface targets 和粗位置标记；未明确空洞或介质异常类别，保守列 C，不能根据名称 diagnosis 自动升为 A/B。,现场实测,未披露,"[""ubriustc"",""README 引用 Xiren Zhou、Huanhuan Chen 等""]","[""处理后的 MAT 数值 B-scan"",""粗位置标记""]","[""MAT（描述）"",""分卷 ZIP .001–.033"",""XLSX"",""TXT""]","[{""value"":33,""unit"":""压缩分卷"",""scope"":""不是 B-scan 样本数""},{""value"":3,""unit"":""平行 B-scan／MAT"",""scope"":""作者说明，非总测线数""},{""value"":380,""unit"":""时间采样点／trace"",""scope"":""不是 A-scan 总数""}]",680128689 bytes,GitHub Contents API：32 个 20971520 bytes 分卷加末卷 9040049 bytes；不含说明与 Mark.xlsx,"[""粗位置标记""]","[""未披露""]",200–400 MHz；具体设备未披露,380 samples/trace；97 ns 时间窗；精确 dt 未核验。,每道间隔 3 cm；每个 MAT 含三条平行 B-scan；绝对位置、跨线间距未披露。,值得作为数值矩阵辅助候选：道间距和时间窗已说明。但 MATGPR 已去地表回波并做增益，不能称未经处理原始幅值；需要核实矩阵结构及标签语义。,公开下载,已核验：已读取官方正文,已核验：GitHub Contents API 给出 33 个分卷的文件名与字节数、Mark.xlsx、Introduce.txt、README.md；未解压,未执行,未明确,未明确，不能默认允许再分发,未披露,https://github.com/ubriustc/GPR_data,[],仅核验官方页面给出的地址；未验证文件传输或长期可用性,"[""https://doi.org/10.1109/TGRS.2018.2799586"",""https://doi.org/10.1109/TGRS.2023.3241402""]",未披露,"[""https://github.com/ubriustc/GPR_data""]",[],未见来源声明的派生关系；未做跨库文件哈希或采集批次比对,计入：一手发布的独立来源,2026-09-19,"[{""source_url"":""https://github.com/ubriustc/GPR_data/blob/main/README.md"",""checked_date"":""2026-09-19"",""summary"":""明确 3 cm、380 点、97 ns、MATGPR 去地表回波与增益，以及 coarse locations。""},{""source_url"":""https://api.github.com/repos/ubriustc/GPR_data/contents/"",""checked_date"":""2026-09-19"",""summary"":""33 个分卷已核验文件级大小；未下载压缩数据。""}]","[""未读取 Mark.xlsx 标签内容；不声称有明确空洞标签。"",""处理后幅值会影响响应相似边，需要保留处理版本并检查增益一致性。""]"
"[""混凝土构件""]","Ground Penetrating Radar (GPR) Corrosion Data (Wong, 2023)",https://data.mendeley.com/datasets/wbdr5pdxbd/1,实验试件与现场海工混凝土状态数据；含 HKM_C1、NP_D 脱层，其他裂缝／腐蚀／渗水／完好条件；XLSX 626 KB。,GPR013,"[""海工混凝土构件"",""实验室腐蚀试件""]","[""delamination"",""internal crack"",""corrosion"",""water seepage"",""intact""]",A,"作者逐组描述中 HKM_C1 与 NP_D 明确为 field marine structure, delamination。混合指现场与实验室实测混合，不含已证实仿真。",混合,中国香港相关现场与 BAM 实验试件；地点按作者组名，完整地理信息未披露,"[""Phoebe Wong"",""Hong Kong Polytechnic University""]","[""XLSX 数据表；原始波形或特征表结构待核验""]","[""XLSX""]","[{""value"":""未披露"",""unit"":""未披露"",""scope"":""未披露""}]",626 KB；Download All 609 KB,单 XLSX 与平台打包显示值,"[""腐蚀阶段／结构状态"",""分组索引""]","[""Phase 1"",""Phase 2"",""Phase 3"",""GroupX"",""GroupXX"",""GroupXXX"",""HKM_C1: delamination"",""NP_D: delamination""]",GSSI SIR4000 2 GHz；GSSI SIR20 2/2.6 GHz；MALA ProEx 1.6 GHz；依组别不同,未披露,未披露,直接相关但表结构未读：需确认 XLSX 是完整波形还是提取特征，以及测线顺序是否保留；不能据 GPR Corrosion Data 标题保证原始 A-scan 可用。,公开下载,已核验：已读取官方正文,已核验：官方文件列表；未验证文件传输,已发起小型 XLSX 下载；中断前工具未返回保存路径或可读文件结果，完成状态待核验；不计成功下载,CC BY 4.0,遵守署名及 CC BY 4.0 条款,10.17632/wbdr5pdxbd.1,https://data.mendeley.com/datasets/wbdr5pdxbd/1,"[""https://data.mendeley.com/public-files/datasets/wbdr5pdxbd/files/439cadf8-10da-4e96-a521-00f88ae05e50/file_downloaded""]",仅核验官方页面给出的地址；未验证文件传输或长期可用性,"[""https://doi.org/10.1016/j.conbuildmat.2023.132855""]",Classification of concrete corrosion states by GPR with machine learning,[],[],未见来源声明的派生关系；未做跨库文件哈希或采集批次比对,计入：一手发布的独立来源,2026-09-19,"[{""source_url"":""https://data.mendeley.com/datasets/wbdr5pdxbd/1"",""checked_date"":""2026-09-19"",""summary"":""实验试件与现场海工混凝土状态数据；含 HKM_C1、NP_D 脱层，其他裂缝／腐蚀／渗水／完好条件；XLSX 626 KB。""}]","[""Phase 3 不是纯脱层类，必须按原始条件筛选，不把所有腐蚀样本映射为 void。"",""未核验行数、样本量与逐道空间关系。""]"
"[""铁路及路基""]",Railway_GPR_Interface_Detectability,https://github.com/Sepideh-Harajchi/Railway_GPR_Interface_Detectability,4 含水条件×5 天线高度；20 个实验平均 A-scan TXT、20 个仿真 OUT 及20个 IN；配套图件与属性。,GPR014,"[""实验室道砟—砂界面""]","[""moisture variation"",""ballast–sand interface""]",B,作者明确研究含水率、衰减与界面可检测性；没有空洞标签，可作为介质响应辅助研究。,混合,荷兰 Delft University of Technology 实验室,"[""Sepideh Harajchi"",""Delft University of Technology""]","[""实验平均 A-scan"",""仿真输出"",""物性与几何输入"",""提取属性""]","[""TXT"",""IN"",""OUT"",""CSV"",""XLSX"",""PNG""]","[{""value"":20,""unit"":""平均 A-scan TXT 文件"",""scope"":""公开实验目录，非完整测线""},{""value"":20,""unit"":""仿真 OUT 文件"",""scope"":""4条件×5高度""},{""value"":20,""unit"":""仿真 IN 文件"",""scope"":""与OUT配套，不另计模型""}]",抽样 TXT 14102 bytes；单个 OUT 52060 bytes,GitHub 文件树逐项值，非全库体积,"[""实验条件"",""物性参数"",""界面属性""]","[""Dry"",""Wet1"",""Wet2"",""Wet3""]",抽样仿真 IN 使用 antenna_like_GSSI_400；实验设备型号未披露；天线高度10–50 cm,抽样实验TXT头：512采样点，41.573975 ns窗口，dt=0.081358 ns；抽样IN窗口40 ns。仅核验这两个文件，不外推全部。,抽样TXT头记原测线100道、50 scans/m、0.02m间距、1.98m长；实际TXT是索引49和50两道平均，不含100道矩阵。,可研究含水条件下幅值／时间响应；发布平均单道不足以重建沿完整测线的空间邻近图。仿真与实验分别处理。,公开下载,已核验：已读取官方正文,已核验：递归GitHub文件树 truncated=false；20 TXT、20 OUT、20 IN及配套文件。,已验证：通过GitHub连接器完整读取1个14102-byte实验TXT并检查512行时间—幅值数据；另读取717-byte IN及LICENSE。未下载OUT或全部数据。,仓库 MIT；是否覆盖全部实验数据需作者确认,MIT文本针对Software及文档；保留版权与许可，数据适用范围待确认。,未披露,https://github.com/Sepideh-Harajchi/Railway_GPR_Interface_Detectability,[],仅核验官方页面给出的地址；未验证文件传输或长期可用性,[],Influence of antenna elevation and moisture conditions on GPR-based ballast-subgrade interface detectability in railway substructures（作者称已投稿）,"[""https://github.com/Sepideh-Harajchi/Railway_GPR_Interface_Detectability""]",[],未见来源声明的派生关系；未做跨库文件哈希或采集批次比对,计入：一手发布的独立来源,2026-09-20,"[{""source_url"":""https://github.com/Sepideh-Harajchi/Railway_GPR_Interface_Detectability"",""checked_date"":""2026-09-20"",""summary"":""README明确laboratory与gprMax；递归树核实实验及数值文件。""},{""source_url"":""https://github.com/Sepideh-Harajchi/Railway_GPR_Interface_Detectability/blob/main/03_experimental_results/Dry/TESTTUDELFT__011_Ascan.txt"",""checked_date"":""2026-09-20"",""summary"":""全文读取：512行time_ns amplitude；头部明确average of central traces, indices49 and50。文件blob SHA ae721a921693d670771837653396a01e2724b88c。""},{""source_url"":""https://github.com/Sepideh-Harajchi/Railway_GPR_Interface_Detectability/blob/main/LICENSE"",""checked_date"":""2026-09-20"",""summary"":""MIT License，Copyright(c)2026 Sepideh Harajchi。""}]","[""不含空洞真值，不作为A类。"",""抽样IN引用作者本机几何文件路径；完整几何依赖可用性未验证，不保证可直接复现。"",""同作者现场铁路项目另列候选，实验室与现场场景不同；未做跨库哈希检查。""]"
"[""隧道及地下衬砌""]",TunGPR,https://github.com/LCA-Asset/TunGPR,作者称Part I超过1000个完好及约550个损伤案例；Part II 1000模型、537图像子集；同一来源仅计一次。,GPR015,"[""隧道衬砌及背后缺陷""]","[""delamination"",""dry voids"",""saturated voids"",""dry cavities"",""saturated cavities"",""surface roughness""]",A,作者数据说明明确列出D/Vd/Vs/Cd/Cs物理缺陷类别；下载归档已公开显示，内部缺陷文件尚未完整核验。,数值仿真,未披露,"[""Huamei Zhu"",""Mengqi Huang"",""Qian-Bing Zhang""]","[""B-scan"",""仿真原始输出（作者声明）"",""介电模型"",""渲染图片""]","[""OUT"",""IN"",""H5"",""TXT"",""PNG"",""JPG"",""XML"",""ZIP""]","[{""value"":""超过1000"",""unit"":""Part I完好案例"",""scope"":""作者README，未解包复点""},{""value"":""约550"",""unit"":""Part I损伤案例"",""scope"":""作者README""},{""value"":1000,""unit"":""Part II仿真模型"",""scope"":""作者README""},{""value"":537,""unit"":""Part II图片及对应XML"",""scope"":""从1000模型抽取，不新增独立样本来源""}]",未披露,未披露,"[""检测框"",""物性参数"",""缺陷类别""]","[""R"",""D"",""Vd"",""Vs"",""Cd"",""Cs""]",FDTD/gprMax；Part I 800 MHz Ricker,Part I窗口30 ns；精确dt未披露。,Part I道间距12 mm、体素4 mm；模型坐标在几何文件中（作者声明，未读H5）。,有希望用于空间／响应双关系仿真研究：作者称提供原始merged.out与几何模型。必须先验证实际输出矩阵、采样头和坐标；512×512灰度图经双线性缩放，不能恢复原幅值。,公开下载,已核验：已读取官方正文,部分核验：两个作者Google Drive入口匿名显示Tunnel lining.zip、Hyperbolic feature.zip与下载按钮；前者预览仅见R目录，后者因文件过大无法预览；R标注补包未打开。,未执行,未明确,未明确，不能默认允许再分发,未披露（论文DOI单列）,https://github.com/LCA-Asset/TunGPR,[],仅核验作者落地页链接及归档名，没有已确认稳定文件直链。,"[""https://doi.org/10.1016/j.tust.2023.105568""]",未披露,"[""https://github.com/LCA-Asset/TunGPR""]",[],Part I/II与537图像子集、R标注补包合为同一数据来源；内部模型重叠尚未哈希检查。,计入：一手发布的独立来源,2026-09-20,"[{""source_url"":""https://github.com/LCA-Asset/TunGPR"",""checked_date"":""2026-09-20"",""summary"":""README全文：synthetic data、六类缺陷、模型与原始OUT、采样参数和两个数据部分；图像经过resize。""},{""source_url"":""https://drive.google.com/file/d/1OojzmbI5tDJrUtShyAYzcVTZc-lHmTLN/view"",""checked_date"":""2026-09-20"",""summary"":""匿名查看归档Tunnel lining.zip，预览仅1个R文件夹，未证实其它缺陷文件是否齐全。""},{""source_url"":""https://drive.google.com/file/d/10Y3EEOUUtwHZY1K41uZUN3NDbQn4_uXe/view"",""checked_date"":""2026-09-20"",""summary"":""匿名查看Hyperbolic feature.zip及下载按钮；too large to preview，未下载。""}]","[""A类依据作者正式数据说明，不能据此声称所有缺陷文件均已验证。"",""Part I预览范围与README六类范围不一致，需解包核对；Part II不支持在线预览。"",""许可证未明确；R标注补包及全部原始输出仍待检查。""]"
